{
    "cog": {
        "X": 72.50179751788296,
        "Y": 74.6465540689384,
        "Z": 35.58125131769224
    },
    "cog_stl": {
        "X": 72.50179751788296,
        "Y": 74.6465540689384,
        "Z": 35.58125131769224
    },
    "file": "888_1002.gcode",
    "material": {
        "density": 0.0,
        "extrudate": 5069.324949999993,
        "mass": 6.181106700388453,
        "volume": 12193.155422771746
    },
    "slicer_translation": {
        "X": 0,
        "Y": 0,
        "Z": 0
    }
}