{
    "cog": {
        "X": 74.83355652692686,
        "Y": 74.92621047782197,
        "Z": 3.8678322016051383
    },
    "cog_stl": {
        "X": 74.83355652692686,
        "Y": 74.92621047782197,
        "Z": 3.8678322016051383
    },
    "file": "888_1001.gcode",
    "material": {
        "density": 0.0,
        "extrudate": 18180.906159999664,
        "mass": 79.50547364648659,
        "volume": 43730.20406508059
    },
    "slicer_translation": {
        "X": 0,
        "Y": 0,
        "Z": 0
    }
}