{
    "cog": {
        "X": 74.73241732582757, 
        "Y": 74.52802727988582, 
        "Z": 3.651759793413497
    }, 
    "file": "888_2003.gcode", 
    "slicer_translation": {
        "X": 0, 
        "Y": 0, 
        "Z": 0
    }, 
    "stl_cog": {
        "X": 74.73241732582757, 
        "Y": 74.52802727988582, 
        "Z": 3.651759793413497
    }
}