{
    "cog": {
        "X": 73.96656451268497,
        "Y": 75.10204333179573,
        "Z": 6.642187762111143
    },
    "cog_stl": {
        "X": 73.96656451268497,
        "Y": 75.10204333179573,
        "Z": 6.642187762111143
    },
    "file": "888_1004.gcode",
    "material": {
        "density": 0.0,
        "extrudate": 3073.1828499999856,
        "mass": 2.271657121399271,
        "volume": 7391.871008909481
    },
    "slicer_translation": {
        "X": 0,
        "Y": 0,
        "Z": 0
    }
}