{
    "cog": {
        "X": 62.31307725988738,
        "Y": 68.81473746672009,
        "Z": 1.7256341370020902
    },
    "cog_stl": {
        "X": 62.31307725988738,
        "Y": 68.81473746672009,
        "Z": 1.7256341370020902
    },
    "file": "888_1003.gcode",
    "material": {
        "density": 0.0,
        "extrudate": 16936.723790000007,
        "mass": 68.99613903329998,
        "volume": 40737.594760822365
    },
    "slicer_translation": {
        "X": 0,
        "Y": 0,
        "Z": 0
    }
}