{
    "cog": {
        "X": 73.88131408342318,
        "Y": 75.54050810008734,
        "Z": 1.4124521436732462
    },
    "cog_stl": {
        "X": 73.88131408342318,
        "Y": 75.54050810008734,
        "Z": 1.4124521436732462
    },
    "file": "printplate_888_1003b.gcode",
    "material": {
        "density": 1.24,
        "extrudate": 3904.878170000023,
        "mass": 3.6675914878610096,
        "volume": 9392.33268796447
    },
    "slicer_translation": {
        "X": 0,
        "Y": 0,
        "Z": 0
    }
}