{
    "cog": {
        "X": 74.4004911348133,
        "Y": 71.16904448130614,
        "Z": 3.2035082133745054
    },
    "cog_stl": {
        "X": 74.4004911348133,
        "Y": 71.16904448130614,
        "Z": 3.2035082133745054
    },
    "file": "printplate_888_1002.gcode",
    "material": {
        "density": 1.24,
        "extrudate": 3378.01289,
        "mass": 2.7446601931532237,
        "volume": 8125.073179200402
    },
    "slicer_translation": {
        "X": 0,
        "Y": 0,
        "Z": 0
    }
}