{
    "cog": {
        "X": 75.60357325051193,
        "Y": 74.85524676350681,
        "Z": 3.769613689753
    },
    "cog_stl": {
        "X": 75.60357325051193,
        "Y": 74.85524676350681,
        "Z": 3.769613689753
    },
    "file": "printplate_888_1001b.gcode",
    "material": {
        "density": 1.24,
        "extrudate": 10792.96714,
        "mass": 28.018681108422793,
        "volume": 25960.128243680345
    },
    "slicer_translation": {
        "X": 0,
        "Y": 0,
        "Z": 0
    }
}