{
    "cog": {
        "X": 79.24770830917403,
        "Y": 72.21963115883813,
        "Z": 1.4090844054379936
    },
    "cog_stl": {
        "X": 79.24770830917403,
        "Y": 72.21963115883813,
        "Z": 1.4090844054379936
    },
    "file": "printplate_888_1003a.gcode",
    "material": {
        "density": 1.24,
        "extrudate": 3509.356580000013,
        "mass": 2.9622450031555236,
        "volume": 8440.991776206203
    },
    "slicer_translation": {
        "X": 0,
        "Y": 0,
        "Z": 0
    }
}