{
    "cog": {
        "gcode": {
            "X": 74.68837110229529,
            "Y": 75.00959240256645,
            "Z": 1.6084475872195532
        },
        "model": {
<<<<<<< Updated upstream
            "X": 25.74805616994027,
            "Y": 39.48620053078556,
            "Z": 3.1082847430317173
        },
        "slicer_translation": {
            "X": 48.4294,
            "Y": 36.0217,
=======
            "X": 107.46477110229529,
            "Y": -19.88830759743354,
            "Z": 3.108447587219553
        },
        "slicer_translation": {
            "X": -32.776399999999995,
            "Y": 94.89789999999999,
>>>>>>> Stashed changes
            "Z": -1.5
        },
        "model_method": null
    },
    "material": {
        "extrudate": 6351.8430299999845,
        "volume": 2.405281875404685,
        "mass": 2.9825495255018097
    },
    "files": {
        "scad": "/home/roman/rep/tf/TF-G2/CAD/src/printplate/printplate_888_1003b.scad",
        "amf": "/home/roman/rep/tf/TF-G2/CAD/amf/printplate_888_1003b.amf",
        "stl": "/home/roman/rep/tf/TF-G2/CAD/stl/printplate_888_1003b.stl",
        "gcode": "/home/roman/rep/tf/TF-G2/CAD/gcode/TF-G2_printplate_888_1003b.gcode"
    }
}