{
    "cog": {
        "gcode": {
            "X": 79.40524124861085,
            "Y": 72.21336332846919,
            "Z": 1.3612902875874824
        },
        "model": {
            "X": 54.11454124861084,
            "Y": 16.141663328469186,
            "Z": 2.611290287587482
        },
        "slicer_translation": {
            "X": 25.290700000000008,
            "Y": 56.0717,
            "Z": -1.25
        },
        "model_method": null
    },
    "material": {
        "extrudate": 3071.570740000012,
        "volume": 2.405281875404685,
        "mass": 2.9825495255018097
    },
    "files": {
        "scad": "/home/runner/work/TF-G2/TF-G2/CAD/src/printplate/printplate_888_1003a.scad",
        "amf": "/home/runner/work/TF-G2/TF-G2/CAD/amf/printplate_888_1003a.amf",
        "stl": "/home/runner/work/TF-G2/TF-G2/CAD/stl/printplate_888_1003a.stl",
        "gcode": "/home/runner/work/TF-G2/TF-G2/CAD/gcode/TF-G2_printplate_888_1003a.gcode"
    }
}