{
    "cog": {
        "gcode": {
            "X": 74.91131817464985,
            "Y": 74.93038132633102,
            "Z": 3.6324708628111426
        },
        "model": {
            "X": 16.53611817464985,
            "Y": 68.43038132633102,
            "Z": -1.0458691371888578
        },
        "slicer_translation": {
            "X": 58.3752,
            "Y": 6.5,
            "Z": 4.67834
        },
        "model_method": null
    },
    "material": {
        "extrudate": 22412.2720800011,
        "volume": 53907.83182066512,
        "mass": 66845.71145762474
    },
    "files": {
        "scad": "/home/runner/work/TF-G2/TF-G2/CAD/src/printplate/printplate_888_1001.scad",
        "amf": "/home/runner/work/TF-G2/TF-G2/CAD/amf/printplate_888_1001.amf",
        "stl": "/home/runner/work/TF-G2/TF-G2/CAD/stl/printplate_888_1001.stl",
        "gcode": "/home/runner/work/TF-G2/TF-G2/CAD/gcode/TF-G2_printplate_888_1001.gcode"
    }
}