{
    "cog": {
        "gcode": {
            "X": 74.3664576203432,
            "Y": 74.35802008974686,
            "Z": 4.038229271958368
        },
        "model": {
            "X": 42.7945576203432,
            "Y": -2.3551299102531402,
            "Z": 7.320889271958369
        },
        "slicer_translation": {
            "X": 31.571900000000003,
            "Y": 76.71315,
            "Z": -3.282660000000001
        },
        "model_method": null
    },
    "material": {
        "extrudate": 2004.3719400000016,
        "volume": 4821.079498851731,
        "mass": 5978.138578576147
    },
    "files": {
        "scad": "/home/runner/work/TF-G2/TF-G2/CAD/src/printplate/printplate_888_1009.scad",
        "amf": "/home/runner/work/TF-G2/TF-G2/CAD/amf/printplate_888_1009.amf",
        "stl": "/home/runner/work/TF-G2/TF-G2/CAD/stl/printplate_888_1009.stl",
        "gcode": "/home/runner/work/TF-G2/TF-G2/CAD/gcode/TF-G2_printplate_888_1009.gcode"
    }
}