{
    "cog": {
        "gcode": {
            "X": 79.63837049735484,
            "Y": 72.28089166730773,
            "Z": 1.6076738532103265
        },
        "model": {
            "X": 54.347670497354834,
            "Y": 16.209191667307728,
            "Z": 3.1076738532103265
        },
        "slicer_translation": {
            "X": 25.290700000000008,
            "Y": 56.0717,
            "Z": -1.5
        },
        "model_method": null
    },
    "material": {
        "extrudate": 3073.5706500000074,
        "volume": 7392.803777220816,
        "mass": 9167.076683753812
    },
    "files": {
        "scad": "/home/runner/work/TF-G2/TF-G2/CAD/src/printplate/printplate_888_1003a.scad",
        "amf": "/home/runner/work/TF-G2/TF-G2/CAD/amf/printplate_888_1003a.amf",
        "stl": "/home/runner/work/TF-G2/TF-G2/CAD/stl/printplate_888_1003a.stl",
        "gcode": "/home/runner/work/TF-G2/TF-G2/CAD/gcode/TF-G2_printplate_888_1003a.gcode"
    }
}