{
    "cog": {
        "gcode": {
            "X": 74.64430244257603,
            "Y": 71.947220171528,
            "Z": 3.137830000047037
        },
        "model": {
            "X": 18.25763244257604,
            "Y": -6.352779828471995,
            "Z": 4.737050000047038
        },
        "slicer_translation": {
            "X": 56.386669999999995,
            "Y": 78.3,
            "Z": -1.5992200000000008
        },
        "model_method": null
    },
    "material": {
        "extrudate": 3432.565420000001,
        "volume": 2.405281875404685,
        "mass": 2.9825495255018097
    },
    "files": {
        "scad": "/home/roman/rep/tf/TF-G2/CAD/src/printplate/printplate_888_1002.scad",
        "amf": "/home/roman/rep/tf/TF-G2/CAD/amf/printplate_888_1002.amf",
        "stl": "/home/roman/rep/tf/TF-G2/CAD/stl/printplate_888_1002.stl",
        "gcode": "/home/roman/rep/tf/TF-G2/CAD/gcode/TF-G2_printplate_888_1002.gcode"
    }
}