{
    "cog": {
        "gcode": {
            "X": 74.82801760857272,
            "Y": 75.05778792103095,
            "Z": 1.6104381720637473
        },
        "model": {
            "X": 90.52111760857272,
            "Y": 70.15988792103094,
            "Z": 3.1104381720637475
        },
        "slicer_translation": {
            "X": -15.693100000000008,
            "Y": 4.897900000000007,
            "Z": -1.5
        },
        "model_method": null
    },
    "material": {
        "extrudate": 4367.915159999998,
        "volume": 10506.067167653351,
        "mass": 13027.523287890155
    },
    "files": {
        "scad": "/home/runner/work/TF-G2/TF-G2/CAD/src/printplate/printplate_888_1003c.scad",
        "amf": "/home/runner/work/TF-G2/TF-G2/CAD/amf/printplate_888_1003c.amf",
        "stl": "/home/runner/work/TF-G2/TF-G2/CAD/stl/printplate_888_1003c.stl",
        "gcode": "/home/runner/work/TF-G2/TF-G2/CAD/gcode/TF-G2_printplate_888_1003c.gcode"
    }
}