{
    "cog": {
        "gcode": {
            "X": 73.34316308058547,
            "Y": 73.70310341584398,
            "Z": 67.20246705478658
        },
        "model": {
            "X": 137.33216308058547,
            "Y": -1.5316275841560127,
            "Z": 132.20246705478658
        },
        "slicer_translation": {
            "X": -63.989000000000004,
            "Y": 75.234731,
            "Z": -65.0
        },
        "model_method": null
    },
    "material": {
        "extrudate": 18845.33829999939,
        "volume": 45328.35064885827,
        "mass": 56207.15480458426
    },
    "files": {
        "scad": "/home/runner/work/TF-G2/TF-G2/CAD/src/printplate/printplate_888_3003.scad",
        "amf": "/home/runner/work/TF-G2/TF-G2/CAD/amf/printplate_888_3003.amf",
        "stl": "/home/runner/work/TF-G2/TF-G2/CAD/stl/printplate_888_3003.stl",
        "gcode": "/home/runner/work/TF-G2/TF-G2/CAD/gcode/TF-G2_printplate_888_3003.gcode"
    }
}