{
    "cog": {
        "gcode": {
            "X": 75.25258224766603,
            "Y": 75.36622569447701,
            "Z": 7.9496090224530285
        },
        "model": {
            "X": 22.637702247666027,
            "Y": 14.86622569447701,
            "Z": -22.900390977546973
        },
        "slicer_translation": {
            "X": 52.61488,
            "Y": 60.5,
            "Z": 30.85
        },
        "model_method": null
    },
    "material": {
        "extrudate": 1101.3049300000016,
        "volume": 2.405281875404685,
        "mass": 2.9825495255018097
    },
    "files": {
        "scad": "/home/runner/work/TF-G2/TF-G2/CAD/src/printplate/printplate_888_1010.scad",
        "amf": "/home/runner/work/TF-G2/TF-G2/CAD/amf/printplate_888_1010.amf",
        "stl": "/home/runner/work/TF-G2/TF-G2/CAD/stl/printplate_888_1010.stl",
        "gcode": "/home/runner/work/TF-G2/TF-G2/CAD/gcode/TF-G2_printplate_888_1010.gcode"
    }
}