{
    "cog": {
        "gcode": {
            "X": 72.6651513076822,
            "Y": 74.87603828414666,
            "Z": 50.204284685520136
        },
        "model": {
            "X": 80.71405130768218,
            "Y": 0.6850542841466591,
            "Z": -22.473015314479866
        },
        "slicer_translation": {
            "X": -8.048899999999989,
            "Y": 74.190984,
            "Z": 72.6773
        },
        "model_method": null
    },
    "material": {
        "extrudate": 66624.64272000428,
        "volume": 160251.04558973902,
        "mass": 198711.29653127637
    },
    "files": {
        "scad": "/home/runner/work/TF-G2/TF-G2/CAD/src/printplate/printplate_888_3001.scad",
        "amf": "/home/runner/work/TF-G2/TF-G2/CAD/amf/printplate_888_3001.amf",
        "stl": "/home/runner/work/TF-G2/TF-G2/CAD/stl/printplate_888_3001.stl",
        "gcode": "/home/runner/work/TF-G2/TF-G2/CAD/gcode/TF-G2_printplate_888_3001.gcode"
    }
}