{
    "cog": {
        "gcode": {
            "X": 71.96881812325849,
            "Y": 73.21125530554,
            "Z": 3.652973545248207
        },
        "model": {
            "X": 138.6938181232585,
            "Y": -71.28874469446,
            "Z": -5.454906454751793
        },
        "slicer_translation": {
            "X": -66.72500000000001,
            "Y": 144.5,
            "Z": 9.10788
        },
        "model_method": null
    },
    "material": {
        "extrudate": 19093.15034999984,
        "volume": 45924.40848123124,
        "mass": 56946.26651672674
    },
    "files": {
        "scad": "/home/runner/work/TF-G2/TF-G2/CAD/src/printplate/printplate_888_1001.scad",
        "amf": "/home/runner/work/TF-G2/TF-G2/CAD/amf/printplate_888_1001.amf",
        "stl": "/home/runner/work/TF-G2/TF-G2/CAD/stl/printplate_888_1001.stl",
        "gcode": "/home/runner/work/TF-G2/TF-G2/CAD/gcode/TF-G2_printplate_888_1001.gcode"
    }
}