{
    "cog": {
        "gcode": {
            "X": 65.10939985961117,
            "Y": 74.54515472976324,
            "Z": 14.405040062598887
        },
        "model": {
            "X": 129.99539985961118,
            "Y": 0.4314257297632338,
            "Z": -28.844959937401114
        },
        "slicer_translation": {
            "X": -64.88600000000001,
            "Y": 74.113729,
            "Z": 43.25
        },
        "model_method": null
    },
    "material": {
        "extrudate": 7542.621000000017,
        "volume": 2.405281875404685,
        "mass": 2.9825495255018097
    },
    "files": {
        "scad": "/home/roman/rep/tf/TF-G2/CAD/src/printplate/printplate_888_3001.scad",
        "amf": "/home/roman/rep/tf/TF-G2/CAD/amf/printplate_888_3001.amf",
        "stl": "/home/roman/rep/tf/TF-G2/CAD/stl/printplate_888_3001.stl",
        "gcode": "/home/roman/rep/tf/TF-G2/CAD/gcode/TF-G2_printplate_888_3001.gcode"
    }
}