{
    "cog": {
        "gcode": {
            "X": 75.04640957223539,
            "Y": 75.0843359230296,
            "Z": 1.610374524613752
        },
        "model": {
            "X": -0.6277904277646087,
            "Y": -1.1317340769704032,
            "Z": 3.1103745246137517
        },
        "slicer_translation": {
            "X": 75.6742,
            "Y": 76.21607,
            "Z": -1.5
        },
        "model_method": null
    },
    "material": {
        "extrudate": 3989.1348799999996,
        "volume": 2.405281875404685,
        "mass": 2.9825495255018097
    },
    "files": {
        "scad": "/home/runner/work/TF-G2/TF-G2/CAD/src/printplate/printplate_888_1008.scad",
        "amf": "/home/runner/work/TF-G2/TF-G2/CAD/amf/printplate_888_1008.amf",
        "stl": "/home/runner/work/TF-G2/TF-G2/CAD/stl/printplate_888_1008.stl",
        "gcode": "/home/runner/work/TF-G2/TF-G2/CAD/gcode/TF-G2_printplate_888_1008.gcode"
    }
}