{
    "cog": {
        "gcode": {
<<<<<<< Updated upstream
            "X": 73.86544504836124,
            "Y": 75.07520376248648,
            "Z": 3.6541219452085794
        },
        "model": {
            "X": 141.84044504836123,
            "Y": -32.42479623751352,
            "Z": -5.45375805479142
        },
        "slicer_translation": {
            "X": -67.97500000000001,
=======
            "X": 73.24362995813591,
            "Y": 74.81846651591418,
            "Z": 3.636223623768322
        },
        "model": {
            "X": 139.96862995813592,
            "Y": -32.68153348408582,
            "Z": -5.471656376231678
        },
        "slicer_translation": {
            "X": -66.72500000000001,
>>>>>>> Stashed changes
            "Y": 107.5,
            "Z": 9.10788
        },
        "model_method": null
    },
    "material": {
<<<<<<< Updated upstream
        "extrudate": 9583.018089999956,
        "volume": 23049.85972355212,
        "mass": 28581.826057204627
=======
        "extrudate": 9984.523809999926,
        "volume": 2.405281875404685,
        "mass": 2.9825495255018097
>>>>>>> Stashed changes
    },
    "files": {
        "scad": "/home/roman/rep/tf/TF-G2/CAD/src/printplate/printplate_888_1001a.scad",
        "amf": "/home/roman/rep/tf/TF-G2/CAD/amf/printplate_888_1001a.amf",
        "stl": "/home/roman/rep/tf/TF-G2/CAD/stl/printplate_888_1001a.stl",
        "gcode": "/home/roman/rep/tf/TF-G2/CAD/gcode/TF-G2_printplate_888_1001a.gcode"
    }
}