{
    "cog": {
        "gcode": {
            "X": 75.17437090408983,
            "Y": 74.70048754578988,
            "Z": 1.4786912698739132
        },
        "model": {
            "X": 0.1465109040898227,
            "Y": 54.92518754578988,
            "Z": 2.728691269873913
        },
        "slicer_translation": {
            "X": 75.02786,
            "Y": 19.7753,
            "Z": -1.25
        },
        "model_method": null
    },
    "material": {
        "extrudate": 6016.935839999989,
        "volume": 2.405281875404685,
        "mass": 2.9825495255018097
    },
    "files": {
        "scad": "/home/roman/rep/tf/TF-G2/CAD/src/printplate/printplate_888_1007.scad",
        "amf": "/home/roman/rep/tf/TF-G2/CAD/amf/printplate_888_1007.amf",
        "stl": "/home/roman/rep/tf/TF-G2/CAD/stl/printplate_888_1007.stl",
        "gcode": "/home/roman/rep/tf/TF-G2/CAD/gcode/TF-G2_printplate_888_1007.gcode"
    }
}