{
    "cog": {
        "gcode": {
            "X": 77.48793817027773,
            "Y": 75.10430883145385,
            "Z": 10.698948127651377
        },
        "model": {
            "X": 29.442272170277732,
            "Y": -2.868091168546144,
            "Z": 8.229448127651377
        },
        "slicer_translation": {
            "X": 48.045666,
            "Y": 77.9724,
            "Z": 2.4695
        },
        "model_method": null
    },
    "material": {
        "extrudate": 1989.3278900000003,
        "volume": 4784.894318054046,
        "mass": 5933.268954387017
    },
    "files": {
        "scad": "/home/runner/work/TF-G2/TF-G2/CAD/src/printplate/printplate_888_1012.scad",
        "amf": "/home/runner/work/TF-G2/TF-G2/CAD/amf/printplate_888_1012.amf",
        "stl": "/home/runner/work/TF-G2/TF-G2/CAD/stl/printplate_888_1012.stl",
        "gcode": "/home/runner/work/TF-G2/TF-G2/CAD/gcode/TF-G2_printplate_888_1012.gcode"
    }
}