{
    "cog": {
        "gcode": {
            "X": 75.5864416609061,
            "Y": 74.88718903599893,
            "Z": 3.0521455659526424
        },
        "model": {
            "X": 132.3114416609061,
            "Y": -33.61281096400107,
            "Z": -6.055734434047357
        },
        "slicer_translation": {
            "X": -56.72500000000001,
            "Y": 108.5,
            "Z": 9.10788
        },
        "model_method": null
    },
    "material": {
        "extrudate": 7027.10559000001,
        "volume": 2.405281875404685,
        "mass": 2.9825495255018097
    },
    "files": {
        "scad": "/home/roman/rep/tf/TF-G2/CAD/src/printplate/printplate_888_1006.scad",
        "amf": "/home/roman/rep/tf/TF-G2/CAD/amf/printplate_888_1006.amf",
        "stl": "/home/roman/rep/tf/TF-G2/CAD/stl/printplate_888_1006.stl",
        "gcode": "/home/roman/rep/tf/TF-G2/CAD/gcode/TF-G2_printplate_888_1006.gcode"
    }
}