{
    "cog": {
        "gcode": {
            "X": 74.87726970406618,
            "Y": 75.13673145204389,
            "Z": 1.6093320152579842
        },
        "model": {
            "X": 13.158599704066184,
            "Y": 46.98593145204389,
            "Z": 3.1093320152579844
        },
        "slicer_translation": {
            "X": 61.718669999999996,
            "Y": 28.150799999999997,
            "Z": -1.5
        },
        "model_method": null
    },
    "material": {
        "extrudate": 3275.735750000003,
        "volume": 7879.06782809018,
        "mass": 9770.044106831823
    },
    "files": {
        "scad": "/home/runner/work/TF-G2/TF-G2/CAD/src/printplate/printplate_888_1008.scad",
        "amf": "/home/runner/work/TF-G2/TF-G2/CAD/amf/printplate_888_1008.amf",
        "stl": "/home/runner/work/TF-G2/TF-G2/CAD/stl/printplate_888_1008.stl",
        "gcode": "/home/runner/work/TF-G2/TF-G2/CAD/gcode/TF-G2_printplate_888_1008.gcode"
    }
}