{
    "cog": {
        "gcode": {
<<<<<<< Updated upstream
            "X": 75.634475307115,
            "Y": 74.87470709249324,
            "Z": 3.652469663333873
        },
        "model": {
            "X": 138.60947530711502,
            "Y": -32.62529290750676,
            "Z": -5.455410336666127
        },
        "slicer_translation": {
            "X": -62.97500000000001,
            "Y": 107.5,
            "Z": 9.10788
=======
            "X": 75.39017231326014,
            "Y": 75.07229932524335,
            "Z": 3.665007860427764
        },
        "model": {
            "X": 131.31517231326012,
            "Y": 33.57229932524335,
            "Z": 0.27288786042776403
        },
        "slicer_translation": {
            "X": -55.925,
            "Y": 41.5,
            "Z": 3.39212
>>>>>>> Stashed changes
        },
        "model_method": null
    },
    "material": {
<<<<<<< Updated upstream
        "extrudate": 9563.621759999969,
        "volume": 23003.206082553785,
        "mass": 28523.975542366694
=======
        "extrudate": 9101.343070000003,
        "volume": 2.405281875404685,
        "mass": 2.9825495255018097
>>>>>>> Stashed changes
    },
    "files": {
        "scad": "/home/roman/rep/tf/TF-G2/CAD/src/printplate/printplate_888_1001b.scad",
        "amf": "/home/roman/rep/tf/TF-G2/CAD/amf/printplate_888_1001b.amf",
        "stl": "/home/roman/rep/tf/TF-G2/CAD/stl/printplate_888_1001b.stl",
        "gcode": "/home/roman/rep/tf/TF-G2/CAD/gcode/TF-G2_printplate_888_1001b.gcode"
    }
}