{
    "cog": {
        "gcode": {
            "X": 75.12497903282409,
            "Y": 75.7211524101641,
            "Z": 1.6133566996109259
        },
        "model": {
            "X": 0.0971190328240823,
            "Y": 55.94585241016409,
            "Z": 3.113356699610926
        },
        "slicer_translation": {
            "X": 75.02786,
            "Y": 19.7753,
            "Z": -1.5
        },
        "model_method": null
    },
    "material": {
        "extrudate": 6018.936139999999,
        "volume": 2.405281875404685,
        "mass": 2.9825495255018097
    },
    "files": {
        "scad": "/home/runner/work/TF-G2/TF-G2/CAD/src/printplate/printplate_888_1007.scad",
        "amf": "/home/runner/work/TF-G2/TF-G2/CAD/amf/printplate_888_1007.amf",
        "stl": "/home/runner/work/TF-G2/TF-G2/CAD/stl/printplate_888_1007.stl",
        "gcode": "/home/runner/work/TF-G2/TF-G2/CAD/gcode/TF-G2_printplate_888_1007.gcode"
    }
}