{
    "cog": {
        "gcode": {
            "X": 74.82801760857272,
            "Y": 75.05778792103095,
            "Z": 1.6104381720637473
        },
        "model": {
<<<<<<< Updated upstream
            "X": 78.21250677608923,
            "Y": -5.187019832042012,
            "Z": 3.1111551439093534
        },
        "slicer_translation": {
            "X": -8.705600000000004,
            "Y": 74.897903,
=======
            "X": 32.56531760857273,
            "Y": 69.03608792103095,
            "Z": 3.1104381720637475
        },
        "slicer_translation": {
            "X": 42.262699999999995,
            "Y": 6.021699999999996,
>>>>>>> Stashed changes
            "Z": -1.5
        },
        "model_method": null
    },
    "material": {
        "extrudate": 4367.915159999998,
        "volume": 2.405281875404685,
        "mass": 2.9825495255018097
    },
    "files": {
        "scad": "/home/roman/rep/tf/TF-G2/CAD/src/printplate/printplate_888_1003c.scad",
        "amf": "/home/roman/rep/tf/TF-G2/CAD/amf/printplate_888_1003c.amf",
        "stl": "/home/roman/rep/tf/TF-G2/CAD/stl/printplate_888_1003c.stl",
        "gcode": "/home/roman/rep/tf/TF-G2/CAD/gcode/TF-G2_printplate_888_1003c.gcode"
    }
}