{
    "cog": {
        "gcode": {
            "X": 75.0301885294075,
            "Y": 75.15878761665915,
            "Z": 7.147051167739777
        },
        "model": {
            "X": 163.2416885294075,
            "Y": 2.4621676166591584,
            "Z": 139.1470511677398
        },
        "slicer_translation": {
            "X": -88.2115,
            "Y": 72.69662,
            "Z": -132.0
        },
        "model_method": null
    },
    "material": {
        "extrudate": 1147.236330000002,
        "volume": 2.405281875404685,
        "mass": 2.9825495255018097
    },
    "files": {
        "scad": "/home/roman/rep/tf/TF-G2/CAD/src/printplate/printplate_888_3003.scad",
        "amf": "/home/roman/rep/tf/TF-G2/CAD/amf/printplate_888_3003.amf",
        "stl": "/home/roman/rep/tf/TF-G2/CAD/stl/printplate_888_3003.stl",
        "gcode": "/home/roman/rep/tf/TF-G2/CAD/gcode/TF-G2_printplate_888_3003.gcode"
    }
}