{
    "cog": {
        "gcode": {
            "X": 74.56896455275002,
            "Y": 75.21464978683896,
            "Z": 4.633125522549919
        },
        "model": {
            "X": 15.291464552750014,
            "Y": 30.71464978683896,
            "Z": 2.6831255225499184
        },
        "slicer_translation": {
            "X": 59.2775,
            "Y": 44.5,
            "Z": 1.9500000000000002
        },
        "model_method": null
    },
    "material": {
        "extrudate": 1154.2198600000002,
        "volume": 2776.2241094901337,
        "mass": 3442.517895767766
    },
    "files": {
        "scad": "/home/runner/work/TF-G2/TF-G2/CAD/src/printplate/printplate_888_3006.scad",
        "amf": "/home/runner/work/TF-G2/TF-G2/CAD/amf/printplate_888_3006.amf",
        "stl": "/home/runner/work/TF-G2/TF-G2/CAD/stl/printplate_888_3006.stl",
        "gcode": "/home/runner/work/TF-G2/TF-G2/CAD/gcode/TF-G2_printplate_888_3006.gcode"
    }
}