{
    "cog": {
        "gcode": {
            "X": 74.1839680296451,
            "Y": 74.49827095336244,
            "Z": 5.143148871983397
        },
        "model": {
            "X": 27.1520880296451,
            "Y": 3.997740953362438,
            "Z": 7.643148871983397
        },
        "slicer_translation": {
            "X": 47.03188,
            "Y": 70.50053,
            "Z": -2.5
        },
        "model_method": null
    },
    "material": {
        "extrudate": 472.13268999999997,
        "volume": 1135.612202043059,
        "mass": 1408.159130533393
    },
    "files": {
        "scad": "/home/runner/work/TF-G2/TF-G2/CAD/src/printplate/printplate_888_1011.scad",
        "amf": "/home/runner/work/TF-G2/TF-G2/CAD/amf/printplate_888_1011.amf",
        "stl": "/home/runner/work/TF-G2/TF-G2/CAD/stl/printplate_888_1011.stl",
        "gcode": "/home/runner/work/TF-G2/TF-G2/CAD/gcode/TF-G2_printplate_888_1011.gcode"
    }
}