{
    "cog": {
        "gcode": {
            "X": 76.18157245672008,
            "Y": 74.8260439447161,
            "Z": 3.638875680815016
        },
        "model": {
            "X": 135.9195724567201,
            "Y": -30.673956055283895,
            "Z": -2.410591319184984
        },
        "slicer_translation": {
            "X": -59.738000000000014,
            "Y": 105.5,
            "Z": 6.049467
        },
        "model_method": null
    },
    "material": {
        "extrudate": 11210.40338999994,
        "volume": 26964.180089942096,
        "mass": 33435.5833115282
    },
    "files": {
        "scad": "/home/runner/work/TF-G2/TF-G2/CAD/src/printplate/printplate_888_1001b.scad",
        "amf": "/home/runner/work/TF-G2/TF-G2/CAD/amf/printplate_888_1001b.amf",
        "stl": "/home/runner/work/TF-G2/TF-G2/CAD/stl/printplate_888_1001b.stl",
        "gcode": "/home/runner/work/TF-G2/TF-G2/CAD/gcode/TF-G2_printplate_888_1001b.gcode"
    }
}