{
    "cog": {
        "gcode": {
            "X": 76.18159422221696,
            "Y": 74.82607231122432,
            "Z": 3.638875680815016
        },
        "model": {
            "X": 17.80639422221696,
            "Y": 31.326072311224323,
            "Z": -1.0394643191849844
        },
        "slicer_translation": {
            "X": 58.3752,
            "Y": 43.5,
            "Z": 4.67834
        },
        "model_method": null
    },
    "material": {
        "extrudate": 11210.40338999994,
        "volume": 26964.180089942096,
        "mass": 33435.5833115282
    },
    "files": {
        "scad": "/home/runner/work/TF-G2/TF-G2/CAD/src/printplate/printplate_888_1001b.scad",
        "amf": "/home/runner/work/TF-G2/TF-G2/CAD/amf/printplate_888_1001b.amf",
        "stl": "/home/runner/work/TF-G2/TF-G2/CAD/stl/printplate_888_1001b.stl",
        "gcode": "/home/runner/work/TF-G2/TF-G2/CAD/gcode/TF-G2_printplate_888_1001b.gcode"
    }
}