{
    "cog": {
        "gcode": {
<<<<<<< Updated upstream
            "X": 74.81415175847141,
            "Y": 75.007510339433,
            "Z": 3.6597270297891598
        },
        "model": {
            "X": 137.7891517584714,
            "Y": 4.507510339432997,
            "Z": -5.44815297021084
        },
        "slicer_translation": {
            "X": -62.97500000000001,
            "Y": 70.5,
=======
            "X": 71.96881854225691,
            "Y": 73.21125457229276,
            "Z": 3.652973545248207
        },
        "model": {
            "X": 138.6938185422569,
            "Y": -71.28874542770724,
            "Z": -5.454906454751793
        },
        "slicer_translation": {
            "X": -66.72500000000001,
            "Y": 144.5,
>>>>>>> Stashed changes
            "Z": 9.10788
        },
        "model_method": null
    },
    "material": {
<<<<<<< Updated upstream
        "extrudate": 19147.746540000026,
        "volume": 46055.72770750484,
        "mass": 57109.102357306
=======
        "extrudate": 19093.15034999984,
        "volume": 2.405281875404685,
        "mass": 2.9825495255018097
>>>>>>> Stashed changes
    },
    "files": {
        "scad": "/home/roman/rep/tf/TF-G2/CAD/src/printplate/printplate_888_1001.scad",
        "amf": "/home/roman/rep/tf/TF-G2/CAD/amf/printplate_888_1001.amf",
        "stl": "/home/roman/rep/tf/TF-G2/CAD/stl/printplate_888_1001.stl",
        "gcode": "/home/roman/rep/tf/TF-G2/CAD/gcode/TF-G2_printplate_888_1001.gcode"
    }
}