{
    "cog": {
        "gcode": {
            "X": 74.99918613084482,
            "Y": 75.53214218535201,
            "Z": 1.6123915585670812
        },
        "model": {
            "X": 0.030516130844816303,
            "Y": 55.638942185352015,
            "Z": 3.112391558567081
        },
        "slicer_translation": {
            "X": 74.96867,
            "Y": 19.8932,
            "Z": -1.5
        },
        "model_method": null
    },
    "material": {
        "extrudate": 4987.938979999993,
        "volume": 11997.399224218516,
        "mass": 14876.775038030959
    },
    "files": {
        "scad": "/home/runner/work/TF-G2/TF-G2/CAD/src/printplate/printplate_888_1007.scad",
        "amf": "/home/runner/work/TF-G2/TF-G2/CAD/amf/printplate_888_1007.amf",
        "stl": "/home/runner/work/TF-G2/TF-G2/CAD/stl/printplate_888_1007.stl",
        "gcode": "/home/runner/work/TF-G2/TF-G2/CAD/gcode/TF-G2_printplate_888_1007.gcode"
    }
}