{
    "cog": {
        "gcode": {
            "X": 76.18157245672008,
            "Y": 74.8260439447161,
            "Z": 3.638875680815016
        },
        "model": {
            "X": 17.806372456720077,
            "Y": 31.326043944716105,
            "Z": -1.0394643191849844
        },
        "slicer_translation": {
            "X": 58.3752,
            "Y": 43.5,
            "Z": 4.67834
        },
        "model_method": null
    },
    "material": {
        "extrudate": 11210.40338999994,
        "volume": 2.405281875404685,
        "mass": 2.9825495255018097
    },
    "files": {
        "scad": "/home/roman/rep/tf/TF-G2/CAD/src/printplate/printplate_888_1001b.scad",
        "amf": "/home/roman/rep/tf/TF-G2/CAD/amf/printplate_888_1001b.amf",
        "stl": "/home/roman/rep/tf/TF-G2/CAD/stl/printplate_888_1001b.stl",
        "gcode": "/home/roman/rep/tf/TF-G2/CAD/gcode/TF-G2_printplate_888_1001b.gcode"
    }
}