{
    "cog": {
        "gcode": {
            "X": 75.25365310787237,
            "Y": 75.39952428945689,
            "Z": 7.850953622893137
        },
        "model": {
            "X": 22.638773107872368,
            "Y": 14.899524289456892,
            "Z": -22.999046377106865
        },
        "slicer_translation": {
            "X": 52.61488,
            "Y": 60.5,
            "Z": 30.85
        },
        "model_method": null
    },
    "material": {
        "extrudate": 1091.2720400000003,
        "volume": 2624.8168589478973,
        "mass": 3254.7729050953926
    },
    "files": {
        "scad": "/home/runner/work/TF-G2/TF-G2/CAD/src/printplate/printplate_888_1010.scad",
        "amf": "/home/runner/work/TF-G2/TF-G2/CAD/amf/printplate_888_1010.amf",
        "stl": "/home/runner/work/TF-G2/TF-G2/CAD/stl/printplate_888_1010.stl",
        "gcode": "/home/runner/work/TF-G2/TF-G2/CAD/gcode/TF-G2_printplate_888_1010.gcode"
    }
}