{
    "cog": {
        "gcode": {
            "X": 74.17745616994027,
            "Y": 75.50790053078556,
            "Z": 1.6082847430317175
        },
        "model": {
            "X": 103.70385616994027,
            "Y": 0.609997530785563,
            "Z": 3.1082847430317173
        },
        "slicer_translation": {
            "X": -29.526399999999995,
            "Y": 74.897903,
            "Z": -1.5
        },
        "model_method": null
    },
    "material": {
        "extrudate": 3435.467810000005,
        "volume": 2.405281875404685,
        "mass": 2.9825495255018097
    },
    "files": {
        "scad": "/home/runner/work/TF-G2/TF-G2/CAD/src/printplate/printplate_888_1003b.scad",
        "amf": "/home/runner/work/TF-G2/TF-G2/CAD/amf/printplate_888_1003b.amf",
        "stl": "/home/runner/work/TF-G2/TF-G2/CAD/stl/printplate_888_1003b.stl",
        "gcode": "/home/runner/work/TF-G2/TF-G2/CAD/gcode/TF-G2_printplate_888_1003b.gcode"
    }
}