{
    "cog": {
        "gcode": {
            "X": 74.49540768713909,
            "Y": 74.9275511438307,
            "Z": 4.016432213113587
        },
        "model": {
            "X": 38.1734076871391,
            "Y": -19.063148856169306,
            "Z": -2.700908786886413
        },
        "slicer_translation": {
            "X": 36.321999999999996,
            "Y": 93.9907,
            "Z": 6.717341
        },
        "model_method": null
    },
    "material": {
        "extrudate": 2001.4596800000033,
        "volume": 2.405281875404685,
        "mass": 2.9825495255018097
    },
    "files": {
        "scad": "/home/runner/work/TF-G2/TF-G2/CAD/src/printplate/printplate_888_1009.scad",
        "amf": "/home/runner/work/TF-G2/TF-G2/CAD/amf/printplate_888_1009.amf",
        "stl": "/home/runner/work/TF-G2/TF-G2/CAD/stl/printplate_888_1009.stl",
        "gcode": "/home/runner/work/TF-G2/TF-G2/CAD/gcode/TF-G2_printplate_888_1009.gcode"
    }
}