{
    "cog": {
        "gcode": {
            "X": 65.68325215878217,
            "Y": 65.43506723188813,
            "Z": 66.39449508363208
        },
        "model": {
            "X": 147.73525215878215,
            "Y": -9.24263076811188,
            "Z": -13.905504916367917
        },
        "slicer_translation": {
            "X": -82.05199999999999,
            "Y": 74.677698,
            "Z": 80.3
        },
        "model_method": null
    },
    "material": {
        "extrudate": 3723.263829999986,
        "volume": 2.405281875404685,
        "mass": 2.9825495255018097
    },
    "files": {
        "scad": "/home/roman/rep/tf/TF-G2/CAD/src/printplate/printplate_888_3004.scad",
        "amf": "/home/roman/rep/tf/TF-G2/CAD/amf/printplate_888_3004.amf",
        "stl": "/home/roman/rep/tf/TF-G2/CAD/stl/printplate_888_3004.stl",
        "gcode": "/home/roman/rep/tf/TF-G2/CAD/gcode/TF-G2_printplate_888_3004.gcode"
    }
}