{
    "cog": {
        "gcode": {
            "X": 75.634475307115,
            "Y": 74.87470709249324,
            "Z": 3.652469663333873
        },
        "model": {
            "X": 138.60947530711502,
            "Y": -32.62529290750676,
            "Z": -5.455410336666127
        },
        "slicer_translation": {
            "X": -62.97500000000001,
            "Y": 107.5,
            "Z": 9.10788
        },
        "model_method": null
    },
    "material": {
        "extrudate": 9563.621759999969,
        "volume": 23003.206082553785,
        "mass": 28523.975542366694
    },
    "files": {
        "scad": "/home/runner/work/TF-G2/TF-G2/CAD/src/printplate/printplate_888_1001b.scad",
        "amf": "/home/runner/work/TF-G2/TF-G2/CAD/amf/printplate_888_1001b.amf",
        "stl": "/home/runner/work/TF-G2/TF-G2/CAD/stl/printplate_888_1001b.stl",
        "gcode": "/home/runner/work/TF-G2/TF-G2/CAD/gcode/TF-G2_printplate_888_1001b.gcode"
    }
}