{
    "cog": {
        "gcode": {
            "X": 69.50690677608922,
            "Y": 69.71088316795799,
            "Z": 1.6111551439093534
        },
        "model": {
<<<<<<< Updated upstream
            "X": 78.05309271975052,
            "Y": -5.382285849032613,
            "Z": 2.72908231152723
        },
        "slicer_translation": {
            "X": -8.705600000000004,
            "Y": 74.897903,
            "Z": -1.25
=======
            "X": 79.08100677608923,
            "Y": -6.236836832042016,
            "Z": 3.1111551439093534
        },
        "slicer_translation": {
            "X": -9.574100000000001,
            "Y": 75.94772,
            "Z": -1.5
>>>>>>> Stashed changes
        },
        "model_method": null
    },
    "material": {
        "extrudate": 2355.077820000001,
        "volume": 2.405281875404685,
        "mass": 2.9825495255018097
    },
    "files": {
        "scad": "/home/runner/work/TF-G2/TF-G2/CAD/src/printplate/printplate_888_1003c.scad",
        "amf": "/home/runner/work/TF-G2/TF-G2/CAD/amf/printplate_888_1003c.amf",
        "stl": "/home/runner/work/TF-G2/TF-G2/CAD/stl/printplate_888_1003c.stl",
        "gcode": "/home/runner/work/TF-G2/TF-G2/CAD/gcode/TF-G2_printplate_888_1003c.gcode"
    }
}