{
    "cog": {
        "gcode": {
            "X": 74.68837110229529,
            "Y": 75.00959240256645,
            "Z": 1.6084475872195532
        },
        "model": {
            "X": 107.46477110229529,
            "Y": -19.88830759743354,
            "Z": 3.108447587219553
        },
        "slicer_translation": {
            "X": -32.776399999999995,
            "Y": 94.89789999999999,
            "Z": -1.5
        },
        "model_method": null
    },
    "material": {
        "extrudate": 6351.8430299999845,
        "volume": 15277.972915474542,
        "mass": 18944.686415188433
    },
    "files": {
        "scad": "/home/runner/work/TF-G2/TF-G2/CAD/src/printplate/printplate_888_1003b.scad",
        "amf": "/home/runner/work/TF-G2/TF-G2/CAD/amf/printplate_888_1003b.amf",
        "stl": "/home/runner/work/TF-G2/TF-G2/CAD/stl/printplate_888_1003b.stl",
        "gcode": "/home/runner/work/TF-G2/TF-G2/CAD/gcode/TF-G2_printplate_888_1003b.gcode"
    }
}