{
    "cog": {
        "gcode": {
            "X": 74.76037772280173,
            "Y": 74.98727880695496,
            "Z": 1.6100796669091166
        },
        "model": {
            "X": 97.95367772280173,
            "Y": -19.91062119304503,
            "Z": 3.1100796669091166
        },
        "slicer_translation": {
            "X": -23.193299999999994,
            "Y": 94.89789999999999,
            "Z": -1.5
        },
        "model_method": null
    },
    "material": {
        "extrudate": 5581.510629999996,
        "volume": 13425.106355717577,
        "mass": 16647.131881089794
    },
    "files": {
        "scad": "/home/runner/work/TF-G2/TF-G2/CAD/src/printplate/printplate_888_1003a.scad",
        "amf": "/home/runner/work/TF-G2/TF-G2/CAD/amf/printplate_888_1003a.amf",
        "stl": "/home/runner/work/TF-G2/TF-G2/CAD/stl/printplate_888_1003a.stl",
        "gcode": "/home/runner/work/TF-G2/TF-G2/CAD/gcode/TF-G2_printplate_888_1003a.gcode"
    }
}