{
    "cog": {
        "gcode": {
            "X": 73.86544504836124,
            "Y": 75.07520376248648,
            "Z": 3.6541219452085794
        },
        "model": {
            "X": 141.84044504836123,
            "Y": -32.42479623751352,
            "Z": -5.45375805479142
        },
        "slicer_translation": {
            "X": -67.97500000000001,
            "Y": 107.5,
            "Z": 9.10788
        },
        "model_method": null
    },
    "material": {
        "extrudate": 9583.018089999956,
        "volume": 23049.85972355212,
        "mass": 28581.826057204627
    },
    "files": {
        "scad": "/home/runner/work/TF-G2/TF-G2/CAD/src/printplate/printplate_888_1001a.scad",
        "amf": "/home/runner/work/TF-G2/TF-G2/CAD/amf/printplate_888_1001a.amf",
        "stl": "/home/runner/work/TF-G2/TF-G2/CAD/stl/printplate_888_1001a.stl",
        "gcode": "/home/runner/work/TF-G2/TF-G2/CAD/gcode/TF-G2_printplate_888_1001a.gcode"
    }
}