{
    "cog": {
        "gcode": {
            "X": 74.91129640086454,
            "Y": 74.93032831965701,
            "Z": 3.6324708628111426
        },
        "model": {
            "X": 134.64929640086456,
            "Y": 6.430328319657008,
            "Z": -2.4169961371888573
        },
        "slicer_translation": {
            "X": -59.738000000000014,
            "Y": 68.5,
            "Z": 6.049467
        },
        "model_method": null
    },
    "material": {
        "extrudate": 22412.2720800011,
        "volume": 2.405281875404685,
        "mass": 2.9825495255018097
    },
    "files": {
        "scad": "/home/roman/rep/tf/TF-G2/CAD/src/printplate/printplate_888_1001.scad",
        "amf": "/home/roman/rep/tf/TF-G2/CAD/amf/printplate_888_1001.amf",
        "stl": "/home/roman/rep/tf/TF-G2/CAD/stl/printplate_888_1001.stl",
        "gcode": "/home/roman/rep/tf/TF-G2/CAD/gcode/TF-G2_printplate_888_1001.gcode"
    }
}