{
    "cog": {
        "gcode": {
            "X": 74.49628855860647,
            "Y": 74.91794185837536,
            "Z": 4.0115266947033765
        },
        "model": {
            "X": 38.17428855860647,
            "Y": -19.036258141624643,
            "Z": -2.7058143052966237
        },
        "slicer_translation": {
            "X": 36.321999999999996,
            "Y": 93.9542,
            "Z": 6.717341
        },
        "model_method": null
    },
    "material": {
        "extrudate": 2026.8178000000005,
        "volume": 4875.0681190876,
        "mass": 6045.084467668625
    },
    "files": {
        "scad": "/home/runner/work/TF-G2/TF-G2/CAD/src/printplate/printplate_888_1009.scad",
        "amf": "/home/runner/work/TF-G2/TF-G2/CAD/amf/printplate_888_1009.amf",
        "stl": "/home/runner/work/TF-G2/TF-G2/CAD/stl/printplate_888_1009.stl",
        "gcode": "/home/runner/work/TF-G2/TF-G2/CAD/gcode/TF-G2_printplate_888_1009.gcode"
    }
}