{
    "cog": {
        "gcode": {
            "X": 74.91134414256588,
            "Y": 74.93043219132123,
            "Z": 3.6324708628111426
        },
        "model": {
            "X": 134.6493441425659,
            "Y": 6.430432191321231,
            "Z": -2.4169961371888573
        },
        "slicer_translation": {
            "X": -59.738000000000014,
            "Y": 68.5,
            "Z": 6.049467
        },
        "model_method": null
    },
    "material": {
        "extrudate": 22412.2720800011,
        "volume": 53907.83182066512,
        "mass": 66845.71145762474
    },
    "files": {
        "scad": "/home/runner/work/TF-G2/TF-G2/CAD/src/printplate/printplate_888_1001.scad",
        "amf": "/home/runner/work/TF-G2/TF-G2/CAD/amf/printplate_888_1001.amf",
        "stl": "/home/runner/work/TF-G2/TF-G2/CAD/stl/printplate_888_1001.stl",
        "gcode": "/home/runner/work/TF-G2/TF-G2/CAD/gcode/TF-G2_printplate_888_1001.gcode"
    }
}