{
    "cog": {
        "gcode": {
            "X": 74.36271702441947,
            "Y": 74.46941338243485,
            "Z": 5.147120710165558
        },
        "model": {
            "X": 27.055837024419468,
            "Y": 3.9688833824348535,
            "Z": 7.647120710165558
        },
        "slicer_translation": {
            "X": 47.30688,
            "Y": 70.50053,
            "Z": -2.5
        },
        "model_method": null
    },
    "material": {
        "extrudate": 493.1559799999999,
        "volume": 2.405281875404685,
        "mass": 2.9825495255018097
    },
    "files": {
        "scad": "/home/roman/rep/tf/TF-G2/CAD/src/printplate/printplate_888_1011.scad",
        "amf": "/home/roman/rep/tf/TF-G2/CAD/amf/printplate_888_1011.amf",
        "stl": "/home/roman/rep/tf/TF-G2/CAD/stl/printplate_888_1011.stl",
        "gcode": "/home/roman/rep/tf/TF-G2/CAD/gcode/TF-G2_printplate_888_1011.gcode"
    }
}