{
    "cog": {
        "gcode": {
            "X": 73.86351036885497,
            "Y": 76.19428306860301,
            "Z": 10.357274260724521
        },
        "model": {
            "X": 144.60051036885494,
            "Y": -13.219516931396981,
            "Z": 10.357274260724521
        },
        "slicer_translation": {
            "X": -70.73699999999998,
            "Y": 89.4138,
            "Z": 0.0
        },
        "model_method": null
    },
    "material": {
        "extrudate": 51097.06347999933,
        "volume": 122902.84067484504,
        "mass": 152399.52243680783
    },
    "files": {
        "scad": "/home/runner/work/TF-G2/TF-G2/CAD/src/printplate/printplate_888_3005.scad",
        "amf": "/home/runner/work/TF-G2/TF-G2/CAD/amf/printplate_888_3005.amf",
        "stl": "/home/runner/work/TF-G2/TF-G2/CAD/stl/printplate_888_3005.stl",
        "gcode": "/home/runner/work/TF-G2/TF-G2/CAD/gcode/TF-G2_printplate_888_3005.gcode"
    }
}