{
    "cog": {
        "gcode": {
            "X": 69.34749271975052,
            "Y": 69.51561715096739,
            "Z": 1.4790823115272296
        },
        "model": {
            "X": 78.05309271975052,
            "Y": -5.382285849032613,
            "Z": 2.72908231152723
        },
        "slicer_translation": {
            "X": -8.705600000000004,
            "Y": 74.897903,
            "Z": -1.25
        },
        "model_method": null
    },
    "material": {
        "extrudate": 2353.077829999995,
        "volume": 2.405281875404685,
        "mass": 2.9825495255018097
    },
    "files": {
        "scad": "/home/runner/work/TF-G2/TF-G2/CAD/src/printplate/printplate_888_1003c.scad",
        "amf": "/home/runner/work/TF-G2/TF-G2/CAD/amf/printplate_888_1003c.amf",
        "stl": "/home/runner/work/TF-G2/TF-G2/CAD/stl/printplate_888_1003c.stl",
        "gcode": "/home/runner/work/TF-G2/TF-G2/CAD/gcode/TF-G2_printplate_888_1003c.gcode"
    }
}