{
    "cog": {
        "gcode": {
            "X": 73.24363216154595,
            "Y": 74.81846771777421,
            "Z": 3.636223623768322
        },
        "model": {
            "X": 139.96863216154594,
            "Y": -32.68153228222579,
            "Z": -5.471656376231678
        },
        "slicer_translation": {
            "X": -66.72500000000001,
            "Y": 107.5,
            "Z": 9.10788
        },
        "model_method": null
    },
    "material": {
        "extrudate": 9984.523809999926,
        "volume": 24015.594154739356,
        "mass": 29779.336751876803
    },
    "files": {
        "scad": "/home/runner/work/TF-G2/TF-G2/CAD/src/printplate/printplate_888_1001a.scad",
        "amf": "/home/runner/work/TF-G2/TF-G2/CAD/amf/printplate_888_1001a.amf",
        "stl": "/home/runner/work/TF-G2/TF-G2/CAD/stl/printplate_888_1001a.stl",
        "gcode": "/home/runner/work/TF-G2/TF-G2/CAD/gcode/TF-G2_printplate_888_1001a.gcode"
    }
}