{
    "cog": {
        "gcode": {
            "X": 74.4954381648952,
            "Y": 74.92756563325574,
            "Z": 4.016432213113587
        },
        "model": {
            "X": 38.17343816489521,
            "Y": -19.063134366744265,
            "Z": -2.700908786886413
        },
        "slicer_translation": {
            "X": 36.321999999999996,
            "Y": 93.9907,
            "Z": 6.717341
        },
        "model_method": null
    },
    "material": {
        "extrudate": 2001.4596800000033,
        "volume": 4814.074692657269,
        "mass": 5969.452618895014
    },
    "files": {
        "scad": "/home/runner/work/TF-G2/TF-G2/CAD/src/printplate/printplate_888_1009.scad",
        "amf": "/home/runner/work/TF-G2/TF-G2/CAD/amf/printplate_888_1009.amf",
        "stl": "/home/runner/work/TF-G2/TF-G2/CAD/stl/printplate_888_1009.stl",
        "gcode": "/home/runner/work/TF-G2/TF-G2/CAD/gcode/TF-G2_printplate_888_1009.gcode"
    }
}