{
    "cog": {
        "gcode": {
            "X": 75.39017231326014,
            "Y": 75.07229932524335,
            "Z": 3.665007860427764
        },
        "model": {
            "X": 131.31517231326012,
            "Y": 33.57229932524335,
            "Z": 0.27288786042776403
        },
        "slicer_translation": {
            "X": -55.925,
            "Y": 41.5,
            "Z": 3.39212
        },
        "model_method": null
    },
    "material": {
        "extrudate": 9101.343070000003,
        "volume": 21891.295528111044,
        "mass": 27145.206454857696
    },
    "files": {
        "scad": "/home/runner/work/TF-G2/TF-G2/CAD/src/printplate/printplate_888_1001b.scad",
        "amf": "/home/runner/work/TF-G2/TF-G2/CAD/amf/printplate_888_1001b.amf",
        "stl": "/home/runner/work/TF-G2/TF-G2/CAD/stl/printplate_888_1001b.stl",
        "gcode": "/home/runner/work/TF-G2/TF-G2/CAD/gcode/TF-G2_printplate_888_1001b.gcode"
    }
}