{
    "cog": {
        "gcode": {
            "X": 74.81415175847141,
            "Y": 75.007510339433,
            "Z": 3.6597270297891598
        },
        "model": {
            "X": 137.7891517584714,
            "Y": 4.507510339432997,
            "Z": -5.44815297021084
        },
        "slicer_translation": {
            "X": -62.97500000000001,
            "Y": 70.5,
            "Z": 9.10788
        },
        "model_method": null
    },
    "material": {
        "extrudate": 19147.746540000026,
        "volume": 46055.72770750484,
        "mass": 57109.102357306
    },
    "files": {
        "scad": "/home/runner/work/TF-G2/TF-G2/CAD/src/printplate/printplate_888_1001.scad",
        "amf": "/home/runner/work/TF-G2/TF-G2/CAD/amf/printplate_888_1001.amf",
        "stl": "/home/runner/work/TF-G2/TF-G2/CAD/stl/printplate_888_1001.stl",
        "gcode": "/home/runner/work/TF-G2/TF-G2/CAD/gcode/TF-G2_printplate_888_1001.gcode"
    }
}