{
    "cog": {
        "gcode": {
            "X": 75.2524442295787,
            "Y": 75.3657380911027,
            "Z": 7.9496090224530285
        },
        "model": {
            "X": 22.6375642295787,
            "Y": 14.865738091102699,
            "Z": -22.900390977546973
        },
        "slicer_translation": {
            "X": 52.61488,
            "Y": 60.5,
            "Z": 30.85
        },
        "model_method": null
    },
    "material": {
        "extrudate": 1101.3049300000016,
        "volume": 2648.94878742283,
        "mass": 3284.696496404309
    },
    "files": {
        "scad": "/home/runner/work/TF-G2/TF-G2/CAD/src/printplate/printplate_888_1010.scad",
        "amf": "/home/runner/work/TF-G2/TF-G2/CAD/amf/printplate_888_1010.amf",
        "stl": "/home/runner/work/TF-G2/TF-G2/CAD/stl/printplate_888_1010.stl",
        "gcode": "/home/runner/work/TF-G2/TF-G2/CAD/gcode/TF-G2_printplate_888_1010.gcode"
    }
}