{
    "cog": {
        "gcode": {
            "X": 74.69591142663452,
            "Y": 75.25934720524363,
            "Z": 4.643669365600493
        },
        "model": {
            "X": 14.420911426634525,
            "Y": 30.75934720524363,
            "Z": 2.693669365600493
        },
        "slicer_translation": {
            "X": 60.275,
            "Y": 44.5,
            "Z": 1.9500000000000002
        },
        "model_method": null
    },
    "material": {
        "extrudate": 1147.6507000000038,
        "volume": 2.405281875404685,
        "mass": 2.9825495255018097
    },
    "files": {
        "scad": "/home/roman/rep/tf/TF-G2/CAD/src/printplate/printplate_888_3006.scad",
        "amf": "/home/roman/rep/tf/TF-G2/CAD/amf/printplate_888_3006.amf",
        "stl": "/home/roman/rep/tf/TF-G2/CAD/stl/printplate_888_3006.stl",
        "gcode": "/home/roman/rep/tf/TF-G2/CAD/gcode/TF-G2_printplate_888_3006.gcode"
    }
}