{
    "cog": {
        "gcode": {
            "X": 75.25350465726237,
            "Y": 75.39902670500491,
            "Z": 7.850953622893137
        },
        "model": {
            "X": 22.63862465726237,
            "Y": 14.899026705004914,
            "Z": -22.999046377106865
        },
        "slicer_translation": {
            "X": 52.61488,
            "Y": 60.5,
            "Z": 30.85
        },
        "model_method": null
    },
    "material": {
        "extrudate": 1091.2720400000003,
        "volume": 2.405281875404685,
        "mass": 2.9825495255018097
    },
    "files": {
        "scad": "/home/roman/rep/tf/TF-G2/CAD/src/printplate/printplate_888_1010.scad",
        "amf": "/home/roman/rep/tf/TF-G2/CAD/amf/printplate_888_1010.amf",
        "stl": "/home/roman/rep/tf/TF-G2/CAD/stl/printplate_888_1010.stl",
        "gcode": "/home/roman/rep/tf/TF-G2/CAD/gcode/TF-G2_printplate_888_1010.gcode"
    }
}