{
    "cog": {
        "gcode": {
            "X": 75.66984744909291,
            "Y": 75.04873293469156,
            "Z": 3.628625326501851
        },
        "model": {
            "X": 140.4078474490929,
            "Y": -30.451267065308443,
            "Z": -2.420841673498149
        },
        "slicer_translation": {
            "X": -64.73800000000001,
            "Y": 105.5,
            "Z": 6.049467
        },
        "model_method": null
    },
    "material": {
        "extrudate": 11201.919599999947,
        "volume": 2.405281875404685,
        "mass": 2.9825495255018097
    },
    "files": {
        "scad": "/home/roman/rep/tf/TF-G2/CAD/src/printplate/printplate_888_1001a.scad",
        "amf": "/home/roman/rep/tf/TF-G2/CAD/amf/printplate_888_1001a.amf",
        "stl": "/home/roman/rep/tf/TF-G2/CAD/stl/printplate_888_1001a.stl",
        "gcode": "/home/roman/rep/tf/TF-G2/CAD/gcode/TF-G2_printplate_888_1001a.gcode"
    }
}