{
    "cog": {
        "gcode": {
            "X": 81.9832513296962,
            "Y": 76.28448826129673,
            "Z": 64.88048345942245
        },
        "model": {
            "X": 38.27325132969621,
            "Y": -11.333111738703266,
            "Z": 93.88048345942245
        },
        "slicer_translation": {
            "X": 43.709999999999994,
            "Y": 87.6176,
            "Z": -29.0
        },
        "model_method": null
    },
    "material": {
        "extrudate": 11329.424040000009,
        "volume": 2.405281875404685,
        "mass": 2.9825495255018097
    },
    "files": {
        "scad": "/home/roman/rep/tf/TF-G2/CAD/src/printplate/printplate_888_3005.scad",
        "amf": "/home/roman/rep/tf/TF-G2/CAD/amf/printplate_888_3005.amf",
        "stl": "/home/roman/rep/tf/TF-G2/CAD/stl/printplate_888_3005.stl",
        "gcode": "/home/roman/rep/tf/TF-G2/CAD/gcode/TF-G2_printplate_888_3005.gcode"
    }
}