{
    "cog": {
        "gcode": {
            "X": 76.04619105652104,
            "Y": 76.6347176118358,
            "Z": 3.7773776124400698
        },
        "model": {
            "X": 129.53419105652102,
            "Y": -29.865282388164204,
            "Z": -2.27208938755993
        },
        "slicer_translation": {
            "X": -53.488,
            "Y": 106.5,
            "Z": 6.049467
        },
        "model_method": null
    },
    "material": {
        "extrudate": 5590.874600000014,
        "volume": 2.405281875404685,
        "mass": 2.9825495255018097
    },
    "files": {
        "scad": "/home/roman/rep/tf/TF-G2/CAD/src/printplate/printplate_888_1006.scad",
        "amf": "/home/roman/rep/tf/TF-G2/CAD/amf/printplate_888_1006.amf",
        "stl": "/home/roman/rep/tf/TF-G2/CAD/stl/printplate_888_1006.stl",
        "gcode": "/home/roman/rep/tf/TF-G2/CAD/gcode/TF-R2_printplate_888_1006.gcode"
    }
}