{
    "cog": {
        "gcode": {
            "X": 73.91337650325308,
            "Y": 75.30171933139489,
            "Z": 1.364716595410581
        },
        "model": {
            "X": 25.483976503253075,
            "Y": 39.28001933139489,
            "Z": 2.614716595410581
        },
        "slicer_translation": {
            "X": 48.4294,
            "Y": 36.0217,
            "Z": -1.25
        },
        "model_method": null
    },
    "material": {
        "extrudate": 3433.4680400000084,
        "volume": 2.405281875404685,
        "mass": 2.9825495255018097
    },
    "files": {
        "scad": "/home/roman/rep/tf/TF-G2/CAD/src/printplate/printplate_888_1003b.scad",
        "amf": "/home/roman/rep/tf/TF-G2/CAD/amf/printplate_888_1003b.amf",
        "stl": "/home/roman/rep/tf/TF-G2/CAD/stl/printplate_888_1003b.stl",
        "gcode": "/home/roman/rep/tf/TF-G2/CAD/gcode/TF-R2_printplate_888_1003b.gcode"
    }
}